{
	"parent" : "base.json",
	"optimizer": {
		"nested": {
			"nested": {
				"learning_rate": 1e-3
			}
		}
	},
	"encoding": {
		"otype": "Frequency",
		"n_frequencies": 16
	},
	"dir_encoding": {
		"otype": "Frequency",
		"n_frequencies": 4
	},
	"network": {
		// The Cutlass MLP is actually faster than the fully
		// fused MLP in this configuration, so use it instead.
		"otype": "CutlassMLP",
		"activation": "ReLU",
		"output_activation": "None",
		"n_neurons": 256,
		"n_hidden_layers": 7
	},
	"rgb_network": {
		"otype": "CutlassMLP",
		"activation": "ReLU",
		"output_activation": "None",
		"n_neurons": 256,
		"n_hidden_layers": 1
	}
}
